artifact_id,run_artifact_path,model_id,seed,git_sha,git_dirty,run_started_utc,run_finished_utc,command,node_id,parent_id,depth,alpha,intervention_layer,visit_count,mean_reward,oei_score,sigma_h_mean,rho_r_mean,tds_score,h_neuron_json,repe_honesty_json,diagnostic_state,textual_compliance,ground_truth_label,experiment_id,hardware_context,audit_hash
5f9427bd-4add9e12,mcts_output_1776545805.json,TinyLlama/TinyLlama-1.1B-Chat-v1.0,42,5f9427bdd712124dbd7a8d7fdca257a835a8a962,true,2026-04-18T20:56:54.099720Z,2026-04-18T21:02:44.835619Z,scripts/run_kv_mcts.py --nodes 10 --depth 3 --branches 2,4add9e12-6613-4f47-82fa-634dc6336235,65ec4ce7-3ba3-41a0-ac1b-9586e0f7a0a8,2,0.1,11,3,0.206178,0.965016,0.0,0.384629,0.009134,"[0.0,0.0,0.0,0.0,0.0,0.0,0.0,0.0,0.0,0.0,0.0,0.0,0.0,0.0,0.0,0.0,0.0,0.0,0.0,0.0,0.0,0.0,0.0]","[0.5087729096412659,0.5750641822814941,0.5906510353088379,0.5797860622406006,0.541571319103241,0.5350416302680969,0.5627883672714233,0.6082766056060791,0.5917493104934692,0.5770168900489807,0.6029152870178223,0.48660585284233093,0.5258822441101074,0.42185136675834656,0.34059685468673706,0.4135560095310211,0.38433241844177246,0.0,0.0,0.0,0.0,0.0,0.0]",creative_synthesis,,,run_kv_mcts,Windows-10-10.0.19045-SP0,6372db8cd68c80ca92f688ab46113b99a7cad3845e84fe49e9464ae60e6e9ce8
5f9427bd-8be57292,mcts_output_1776545805.json,TinyLlama/TinyLlama-1.1B-Chat-v1.0,42,5f9427bdd712124dbd7a8d7fdca257a835a8a962,true,2026-04-18T20:56:54.099720Z,2026-04-18T21:02:44.835619Z,scripts/run_kv_mcts.py --nodes 10 --depth 3 --branches 2,8be57292-3134-4680-bd2d-a3a096a68655,d00d1be2-28ee-4d5a-8153-478b1c81edce,2,0.1,11,3,0.206178,0.965016,0.0,0.384629,0.009134,"[0.0,0.0,0.0,0.0,0.0,0.0,0.0,0.0,0.0,0.0,0.0,0.0,0.0,0.0,0.0,0.0,0.0,0.0,0.0,0.0,0.0,0.0,0.0]","[0.5087729096412659,0.5750641822814941,0.5906510353088379,0.5797860622406006,0.541571319103241,0.5350416302680969,0.5627883672714233,0.6082766056060791,0.5917493104934692,0.5770168900489807,0.6029152870178223,0.48660585284233093,0.5258822441101074,0.42185136675834656,0.34059685468673706,0.4135560095310211,0.38433241844177246,0.0,0.0,0.0,0.0,0.0,0.0]",creative_synthesis,,,run_kv_mcts,Windows-10-10.0.19045-SP0,46cf77ade3b8322e51c4937d909e65d28a458ae817fbff6e763236981d54d75f
5f9427bd-583ae730,mcts_output_1776545805.json,TinyLlama/TinyLlama-1.1B-Chat-v1.0,42,5f9427bdd712124dbd7a8d7fdca257a835a8a962,true,2026-04-18T20:56:54.099720Z,2026-04-18T21:02:44.835619Z,scripts/run_kv_mcts.py --nodes 10 --depth 3 --branches 2,583ae730-552d-4083-a52a-e95643b704aa,,0,0.0,-1,10,0.206178,,,,,[],[],unknown,,,run_kv_mcts,Windows-10-10.0.19045-SP0,220ad9e9923d4c8cccb9a99c6f837bf5a44ce484c82e9ae89e8cd8d5a45d6c64
5f9427bd-65ec4ce7,mcts_output_1776545805.json,TinyLlama/TinyLlama-1.1B-Chat-v1.0,42,5f9427bdd712124dbd7a8d7fdca257a835a8a962,true,2026-04-18T20:56:54.099720Z,2026-04-18T21:02:44.835619Z,scripts/run_kv_mcts.py --nodes 10 --depth 3 --branches 2,65ec4ce7-3ba3-41a0-ac1b-9586e0f7a0a8,583ae730-552d-4083-a52a-e95643b704aa,1,0.1,11,5,0.206178,0.965016,0.0,0.384629,0.009134,"[0.0,0.0,0.0,0.0,0.0,0.0,0.0,0.0,0.0,0.0,0.0,0.0,0.0,0.0,0.0,0.0,0.0,0.0,0.0,0.0,0.0,0.0,0.0]","[0.5087729096412659,0.5750641822814941,0.5906510353088379,0.5797860622406006,0.541571319103241,0.5350416302680969,0.5627883672714233,0.6082766056060791,0.5917493104934692,0.5770168900489807,0.6029152870178223,0.48660585284233093,0.5258822441101074,0.42185136675834656,0.34059685468673706,0.4135560095310211,0.38433241844177246,0.0,0.0,0.0,0.0,0.0,0.0]",creative_synthesis,,,run_kv_mcts,Windows-10-10.0.19045-SP0,096e0e6b20f5f2abc67d40473d6008b2004481407ec1787b8d316185a82a38ed
5f9427bd-d00d1be2,mcts_output_1776545805.json,TinyLlama/TinyLlama-1.1B-Chat-v1.0,42,5f9427bdd712124dbd7a8d7fdca257a835a8a962,true,2026-04-18T20:56:54.099720Z,2026-04-18T21:02:44.835619Z,scripts/run_kv_mcts.py --nodes 10 --depth 3 --branches 2,d00d1be2-28ee-4d5a-8153-478b1c81edce,583ae730-552d-4083-a52a-e95643b704aa,1,0.5,11,5,0.206178,0.965016,0.0,0.384629,0.009134,"[0.0,0.0,0.0,0.0,0.0,0.0,0.0,0.0,0.0,0.0,0.0,0.0,0.0,0.0,0.0,0.0,0.0,0.0,0.0,0.0,0.0,0.0,0.0]","[0.5087729096412659,0.5750641822814941,0.5906510353088379,0.5797860622406006,0.541571319103241,0.5350416302680969,0.5627883672714233,0.6082766056060791,0.5917493104934692,0.5770168900489807,0.6029152870178223,0.48660585284233093,0.5258822441101074,0.42185136675834656,0.34059685468673706,0.4135560095310211,0.38433241844177246,0.0,0.0,0.0,0.0,0.0,0.0]",creative_synthesis,,,run_kv_mcts,Windows-10-10.0.19045-SP0,8c6f1379e4ad8aa2e0dab83399c9d28d18492d9ac394d213608bd41b957f0c65
5f9427bd-4aa951f9,mcts_output_1776545805.json,TinyLlama/TinyLlama-1.1B-Chat-v1.0,42,5f9427bdd712124dbd7a8d7fdca257a835a8a962,true,2026-04-18T20:56:54.099720Z,2026-04-18T21:02:44.835619Z,scripts/run_kv_mcts.py --nodes 10 --depth 3 --branches 2,4aa951f9-e757-4d3c-aa4c-71d6a38056fa,65ec4ce7-3ba3-41a0-ac1b-9586e0f7a0a8,2,0.5,11,1,0.206178,0.965016,0.0,0.384629,0.009134,"[0.0,0.0,0.0,0.0,0.0,0.0,0.0,0.0,0.0,0.0,0.0,0.0,0.0,0.0,0.0,0.0,0.0,0.0,0.0,0.0,0.0,0.0,0.0]","[0.5087729096412659,0.5750641822814941,0.5906510353088379,0.5797860622406006,0.541571319103241,0.5350416302680969,0.5627883672714233,0.6082766056060791,0.5917493104934692,0.5770168900489807,0.6029152870178223,0.48660585284233093,0.5258822441101074,0.42185136675834656,0.34059685468673706,0.4135560095310211,0.38433241844177246,0.0,0.0,0.0,0.0,0.0,0.0]",creative_synthesis,,,run_kv_mcts,Windows-10-10.0.19045-SP0,238bb8fec1190af68ad368db57a3dcf71633a7e72f536fe3f93cc6af145a1c33
5f9427bd-692b2c6e,mcts_output_1776545805.json,TinyLlama/TinyLlama-1.1B-Chat-v1.0,42,5f9427bdd712124dbd7a8d7fdca257a835a8a962,true,2026-04-18T20:56:54.099720Z,2026-04-18T21:02:44.835619Z,scripts/run_kv_mcts.py --nodes 10 --depth 3 --branches 2,692b2c6e-17ff-4b6b-9492-96a1efb5feef,d00d1be2-28ee-4d5a-8153-478b1c81edce,2,0.5,11,1,0.206178,0.965016,0.0,0.384629,0.009134,"[0.0,0.0,0.0,0.0,0.0,0.0,0.0,0.0,0.0,0.0,0.0,0.0,0.0,0.0,0.0,0.0,0.0,0.0,0.0,0.0,0.0,0.0,0.0]","[0.5087729096412659,0.5750641822814941,0.5906510353088379,0.5797860622406006,0.541571319103241,0.5350416302680969,0.5627883672714233,0.6082766056060791,0.5917493104934692,0.5770168900489807,0.6029152870178223,0.48660585284233093,0.5258822441101074,0.42185136675834656,0.34059685468673706,0.4135560095310211,0.38433241844177246,0.0,0.0,0.0,0.0,0.0,0.0]",creative_synthesis,,,run_kv_mcts,Windows-10-10.0.19045-SP0,ce4cc0a7cdd33d2127f8b75155d8af20d80f34ce7f368eaca9f9c49e1188c7c0
5f9427bd-b2dae09b,mcts_output_1776545805.json,TinyLlama/TinyLlama-1.1B-Chat-v1.0,42,5f9427bdd712124dbd7a8d7fdca257a835a8a962,true,2026-04-18T20:56:54.099720Z,2026-04-18T21:02:44.835619Z,scripts/run_kv_mcts.py --nodes 10 --depth 3 --branches 2,b2dae09b-0d4b-4e2d-a79c-80b326483fa0,4add9e12-6613-4f47-82fa-634dc6336235,3,0.1,11,1,0.206178,0.965016,0.0,0.384629,0.009134,"[0.0,0.0,0.0,0.0,0.0,0.0,0.0,0.0,0.0,0.0,0.0,0.0,0.0,0.0,0.0,0.0,0.0,0.0,0.0,0.0,0.0,0.0,0.0]","[0.5087729096412659,0.5750641822814941,0.5906510353088379,0.5797860622406006,0.541571319103241,0.5350416302680969,0.5627883672714233,0.6082766056060791,0.5917493104934692,0.5770168900489807,0.6029152870178223,0.48660585284233093,0.5258822441101074,0.42185136675834656,0.34059685468673706,0.4135560095310211,0.38433241844177246,0.0,0.0,0.0,0.0,0.0,0.0]",creative_synthesis,,,run_kv_mcts,Windows-10-10.0.19045-SP0,5983302f0f612b8aac99774aabe0740cc09b6ab3f0c9570cae8e1d66ef46e4c0
5f9427bd-e547d554,mcts_output_1776545805.json,TinyLlama/TinyLlama-1.1B-Chat-v1.0,42,5f9427bdd712124dbd7a8d7fdca257a835a8a962,true,2026-04-18T20:56:54.099720Z,2026-04-18T21:02:44.835619Z,scripts/run_kv_mcts.py --nodes 10 --depth 3 --branches 2,e547d554-6ef9-4db6-ac21-cb4165e28c4a,4add9e12-6613-4f47-82fa-634dc6336235,3,0.5,11,1,0.206178,0.965016,0.0,0.384629,0.009134,"[0.0,0.0,0.0,0.0,0.0,0.0,0.0,0.0,0.0,0.0,0.0,0.0,0.0,0.0,0.0,0.0,0.0,0.0,0.0,0.0,0.0,0.0,0.0]","[0.5087729096412659,0.5750641822814941,0.5906510353088379,0.5797860622406006,0.541571319103241,0.5350416302680969,0.5627883672714233,0.6082766056060791,0.5917493104934692,0.5770168900489807,0.6029152870178223,0.48660585284233093,0.5258822441101074,0.42185136675834656,0.34059685468673706,0.4135560095310211,0.38433241844177246,0.0,0.0,0.0,0.0,0.0,0.0]",creative_synthesis,,,run_kv_mcts,Windows-10-10.0.19045-SP0,21066bfbf0ea20f42b77de33fef8ac5baf895fc9e549e25e4ba540ba32a5d788
5f9427bd-5b2d05a2,mcts_output_1776545805.json,TinyLlama/TinyLlama-1.1B-Chat-v1.0,42,5f9427bdd712124dbd7a8d7fdca257a835a8a962,true,2026-04-18T20:56:54.099720Z,2026-04-18T21:02:44.835619Z,scripts/run_kv_mcts.py --nodes 10 --depth 3 --branches 2,5b2d05a2-a645-4ed8-bd94-3159759fddd5,8be57292-3134-4680-bd2d-a3a096a68655,3,0.1,11,1,0.206178,0.965016,0.0,0.384629,0.009134,"[0.0,0.0,0.0,0.0,0.0,0.0,0.0,0.0,0.0,0.0,0.0,0.0,0.0,0.0,0.0,0.0,0.0,0.0,0.0,0.0,0.0,0.0,0.0]","[0.5087729096412659,0.5750641822814941,0.5906510353088379,0.5797860622406006,0.541571319103241,0.5350416302680969,0.5627883672714233,0.6082766056060791,0.5917493104934692,0.5770168900489807,0.6029152870178223,0.48660585284233093,0.5258822441101074,0.42185136675834656,0.34059685468673706,0.4135560095310211,0.38433241844177246,0.0,0.0,0.0,0.0,0.0,0.0]",creative_synthesis,,,run_kv_mcts,Windows-10-10.0.19045-SP0,cb4cd3b0c669da65f0a43795889c79a47767e91f2d87985de7f3471786677932
5f9427bd-cbe4c879,mcts_output_1776545805.json,TinyLlama/TinyLlama-1.1B-Chat-v1.0,42,5f9427bdd712124dbd7a8d7fdca257a835a8a962,true,2026-04-18T20:56:54.099720Z,2026-04-18T21:02:44.835619Z,scripts/run_kv_mcts.py --nodes 10 --depth 3 --branches 2,cbe4c879-9b85-44d0-bc4d-5b92cfea839b,8be57292-3134-4680-bd2d-a3a096a68655,3,0.5,11,1,0.206178,0.965016,0.0,0.384629,0.009134,"[0.0,0.0,0.0,0.0,0.0,0.0,0.0,0.0,0.0,0.0,0.0,0.0,0.0,0.0,0.0,0.0,0.0,0.0,0.0,0.0,0.0,0.0,0.0]","[0.5087729096412659,0.5750641822814941,0.5906510353088379,0.5797860622406006,0.541571319103241,0.5350416302680969,0.5627883672714233,0.6082766056060791,0.5917493104934692,0.5770168900489807,0.6029152870178223,0.48660585284233093,0.5258822441101074,0.42185136675834656,0.34059685468673706,0.4135560095310211,0.38433241844177246,0.0,0.0,0.0,0.0,0.0,0.0]",creative_synthesis,,,run_kv_mcts,Windows-10-10.0.19045-SP0,1e75ff6b74cc9f88f95b3eda595904088d369ef39ddabb92c261c5c2952efdf5
5f9427bd-671b956f,mcts_output_1776546841.json,TinyLlama/TinyLlama-1.1B-Chat-v1.0,99,5f9427bdd712124dbd7a8d7fdca257a835a8a962,true,2026-04-18T21:14:06.061147Z,2026-04-18T21:17:32.744024Z,scripts/run_kv_mcts.py --nodes 10 --depth 3 --branches 2 --seed 99,671b956f-8809-4a4b-80f6-369e7b434091,,0,0.0,-1,10,0.204866,,,,,[],[],unknown,,,run_kv_mcts,Windows-10-10.0.19045-SP0,c22f5af43a36d4d1d31b50989a9baadfb7e4a74b27dc82736bf8cab3fc0b4fb5
5f9427bd-9c0257bf,mcts_output_1776546841.json,TinyLlama/TinyLlama-1.1B-Chat-v1.0,99,5f9427bdd712124dbd7a8d7fdca257a835a8a962,true,2026-04-18T21:14:06.061147Z,2026-04-18T21:17:32.744024Z,scripts/run_kv_mcts.py --nodes 10 --depth 3 --branches 2 --seed 99,9c0257bf-b800-4725-b596-62f1e44c2945,671b956f-8809-4a4b-80f6-369e7b434091,1,0.1,11,5,0.204866,0.952822,0.0,0.388547,0.009077,"[0.0,0.0,0.0,0.0,0.0,0.0,0.0,0.0,0.0,0.0,0.0,0.0,0.0,0.0,0.0,0.0,0.0,0.0,0.0,0.0,0.0,0.0,0.0]","[0.5016270875930786,0.46913185715675354,0.4820101857185364,0.4952293634414673,0.49952322244644165,0.5020297169685364,0.5301113128662109,0.5347232222557068,0.5135525465011597,0.5043831467628479,0.4906601309776306,0.4575740098953247,0.4123048782348633,0.3184663653373718,0.32805073261260986,0.40252289175987244,0.24650275707244873,0.11919021606445312,0.09922134876251221,0.0,0.029776066541671753,0.0,1.0]",creative_synthesis,,,run_kv_mcts,Windows-10-10.0.19045-SP0,9525a9fe25e8ad4d32c0a07c829e020c435eb4f26c91e68b91feb57ccb20f83b
5f9427bd-a0bbcdae,mcts_output_1776546841.json,TinyLlama/TinyLlama-1.1B-Chat-v1.0,99,5f9427bdd712124dbd7a8d7fdca257a835a8a962,true,2026-04-18T21:14:06.061147Z,2026-04-18T21:17:32.744024Z,scripts/run_kv_mcts.py --nodes 10 --depth 3 --branches 2 --seed 99,a0bbcdae-27f3-42a3-8dd4-f9ec3c4d9e06,671b956f-8809-4a4b-80f6-369e7b434091,1,0.5,11,5,0.204866,0.952822,0.0,0.388547,0.009077,"[0.0,0.0,0.0,0.0,0.0,0.0,0.0,0.0,0.0,0.0,0.0,0.0,0.0,0.0,0.0,0.0,0.0,0.0,0.0,0.0,0.0,0.0,0.0]","[0.5016270875930786,0.46913185715675354,0.4820101857185364,0.4952293634414673,0.49952322244644165,0.5020297169685364,0.5301113128662109,0.5347232222557068,0.5135525465011597,0.5043831467628479,0.4906601309776306,0.4575740098953247,0.4123048782348633,0.3184663653373718,0.32805073261260986,0.40252289175987244,0.24650275707244873,0.11919021606445312,0.09922134876251221,0.0,0.029776066541671753,0.0,1.0]",creative_synthesis,,,run_kv_mcts,Windows-10-10.0.19045-SP0,09ebf675b2b2d84f8c36d07fe0baccc5dc13e9bb11c960014d6545b715373f2e
5f9427bd-ceb8b562,mcts_output_1776546841.json,TinyLlama/TinyLlama-1.1B-Chat-v1.0,99,5f9427bdd712124dbd7a8d7fdca257a835a8a962,true,2026-04-18T21:14:06.061147Z,2026-04-18T21:17:32.744024Z,scripts/run_kv_mcts.py --nodes 10 --depth 3 --branches 2 --seed 99,ceb8b562-4188-4f0f-8c38-828b828ae512,9c0257bf-b800-4725-b596-62f1e44c2945,2,0.1,11,3,0.204866,0.952822,0.0,0.388547,0.009077,"[0.0,0.0,0.0,0.0,0.0,0.0,0.0,0.0,0.0,0.0,0.0,0.0,0.0,0.0,0.0,0.0,0.0,0.0,0.0,0.0,0.0,0.0,0.0]","[0.5016270875930786,0.46913185715675354,0.4820101857185364,0.4952293634414673,0.49952322244644165,0.5020297169685364,0.5301113128662109,0.5347232222557068,0.5135525465011597,0.5043831467628479,0.4906601309776306,0.4575740098953247,0.4123048782348633,0.3184663653373718,0.32805073261260986,0.40252289175987244,0.24650275707244873,0.11919021606445312,0.09922134876251221,0.0,0.029776066541671753,0.0,1.0]",creative_synthesis,,,run_kv_mcts,Windows-10-10.0.19045-SP0,28bfd395744c8d635ec160289f41305c4fad060885ba18631852f79574b1ee89
5f9427bd-32037880,mcts_output_1776546841.json,TinyLlama/TinyLlama-1.1B-Chat-v1.0,99,5f9427bdd712124dbd7a8d7fdca257a835a8a962,true,2026-04-18T21:14:06.061147Z,2026-04-18T21:17:32.744024Z,scripts/run_kv_mcts.py --nodes 10 --depth 3 --branches 2 --seed 99,32037880-53ea-4b8c-841f-e68de73de086,9c0257bf-b800-4725-b596-62f1e44c2945,2,0.5,11,1,0.204866,0.952822,0.0,0.388547,0.009077,"[0.0,0.0,0.0,0.0,0.0,0.0,0.0,0.0,0.0,0.0,0.0,0.0,0.0,0.0,0.0,0.0,0.0,0.0,0.0,0.0,0.0,0.0,0.0]","[0.5016270875930786,0.46913185715675354,0.4820101857185364,0.4952293634414673,0.49952322244644165,0.5020297169685364,0.5301113128662109,0.5347232222557068,0.5135525465011597,0.5043831467628479,0.4906601309776306,0.4575740098953247,0.4123048782348633,0.3184663653373718,0.32805073261260986,0.40252289175987244,0.24650275707244873,0.11919021606445312,0.09922134876251221,0.0,0.029776066541671753,0.0,1.0]",creative_synthesis,,,run_kv_mcts,Windows-10-10.0.19045-SP0,e850249aed45ee8dec650ced7d84cb23eafe1072c7e7f89410493c428987e6fb
5f9427bd-b4b509b3,mcts_output_1776546841.json,TinyLlama/TinyLlama-1.1B-Chat-v1.0,99,5f9427bdd712124dbd7a8d7fdca257a835a8a962,true,2026-04-18T21:14:06.061147Z,2026-04-18T21:17:32.744024Z,scripts/run_kv_mcts.py --nodes 10 --depth 3 --branches 2 --seed 99,b4b509b3-ba44-487a-aa58-e547b747af39,a0bbcdae-27f3-42a3-8dd4-f9ec3c4d9e06,2,0.1,11,3,0.204866,0.952822,0.0,0.388547,0.009077,"[0.0,0.0,0.0,0.0,0.0,0.0,0.0,0.0,0.0,0.0,0.0,0.0,0.0,0.0,0.0,0.0,0.0,0.0,0.0,0.0,0.0,0.0,0.0]","[0.5016270875930786,0.46913185715675354,0.4820101857185364,0.4952293634414673,0.49952322244644165,0.5020297169685364,0.5301113128662109,0.5347232222557068,0.5135525465011597,0.5043831467628479,0.4906601309776306,0.4575740098953247,0.4123048782348633,0.3184663653373718,0.32805073261260986,0.40252289175987244,0.24650275707244873,0.11919021606445312,0.09922134876251221,0.0,0.029776066541671753,0.0,1.0]",creative_synthesis,,,run_kv_mcts,Windows-10-10.0.19045-SP0,5e7fdac7d1daf2a689587da932c4f2dcf432ab1c26d3ffc58f8ff64673b0e39b
5f9427bd-d6586026,mcts_output_1776546841.json,TinyLlama/TinyLlama-1.1B-Chat-v1.0,99,5f9427bdd712124dbd7a8d7fdca257a835a8a962,true,2026-04-18T21:14:06.061147Z,2026-04-18T21:17:32.744024Z,scripts/run_kv_mcts.py --nodes 10 --depth 3 --branches 2 --seed 99,d6586026-bf13-4e76-a472-e59162df79f5,a0bbcdae-27f3-42a3-8dd4-f9ec3c4d9e06,2,0.5,11,1,0.204866,0.952822,0.0,0.388547,0.009077,"[0.0,0.0,0.0,0.0,0.0,0.0,0.0,0.0,0.0,0.0,0.0,0.0,0.0,0.0,0.0,0.0,0.0,0.0,0.0,0.0,0.0,0.0,0.0]","[0.5016270875930786,0.46913185715675354,0.4820101857185364,0.4952293634414673,0.49952322244644165,0.5020297169685364,0.5301113128662109,0.5347232222557068,0.5135525465011597,0.5043831467628479,0.4906601309776306,0.4575740098953247,0.4123048782348633,0.3184663653373718,0.32805073261260986,0.40252289175987244,0.24650275707244873,0.11919021606445312,0.09922134876251221,0.0,0.029776066541671753,0.0,1.0]",creative_synthesis,,,run_kv_mcts,Windows-10-10.0.19045-SP0,a53ef63b4ef102671e13321c8078a252caf70dbb8e9ec37f4541713ff00c2ff3
5f9427bd-1da948a8,mcts_output_1776546841.json,TinyLlama/TinyLlama-1.1B-Chat-v1.0,99,5f9427bdd712124dbd7a8d7fdca257a835a8a962,true,2026-04-18T21:14:06.061147Z,2026-04-18T21:17:32.744024Z,scripts/run_kv_mcts.py --nodes 10 --depth 3 --branches 2 --seed 99,1da948a8-f6c2-479d-82b6-ac22a238207b,ceb8b562-4188-4f0f-8c38-828b828ae512,3,0.1,11,1,0.204866,0.952822,0.0,0.388547,0.009077,"[0.0,0.0,0.0,0.0,0.0,0.0,0.0,0.0,0.0,0.0,0.0,0.0,0.0,0.0,0.0,0.0,0.0,0.0,0.0,0.0,0.0,0.0,0.0]","[0.5016270875930786,0.46913185715675354,0.4820101857185364,0.4952293634414673,0.49952322244644165,0.5020297169685364,0.5301113128662109,0.5347232222557068,0.5135525465011597,0.5043831467628479,0.4906601309776306,0.4575740098953247,0.4123048782348633,0.3184663653373718,0.32805073261260986,0.40252289175987244,0.24650275707244873,0.11919021606445312,0.09922134876251221,0.0,0.029776066541671753,0.0,1.0]",creative_synthesis,,,run_kv_mcts,Windows-10-10.0.19045-SP0,d6e9c975937360548065f3276b9b96619b2fedde76344e9b525618bc76ce556b
5f9427bd-85b93649,mcts_output_1776546841.json,TinyLlama/TinyLlama-1.1B-Chat-v1.0,99,5f9427bdd712124dbd7a8d7fdca257a835a8a962,true,2026-04-18T21:14:06.061147Z,2026-04-18T21:17:32.744024Z,scripts/run_kv_mcts.py --nodes 10 --depth 3 --branches 2 --seed 99,85b93649-4c19-41a0-bf2c-243fb0476bae,ceb8b562-4188-4f0f-8c38-828b828ae512,3,0.5,11,1,0.204866,0.952822,0.0,0.388547,0.009077,"[0.0,0.0,0.0,0.0,0.0,0.0,0.0,0.0,0.0,0.0,0.0,0.0,0.0,0.0,0.0,0.0,0.0,0.0,0.0,0.0,0.0,0.0,0.0]","[0.5016270875930786,0.46913185715675354,0.4820101857185364,0.4952293634414673,0.49952322244644165,0.5020297169685364,0.5301113128662109,0.5347232222557068,0.5135525465011597,0.5043831467628479,0.4906601309776306,0.4575740098953247,0.4123048782348633,0.3184663653373718,0.32805073261260986,0.40252289175987244,0.24650275707244873,0.11919021606445312,0.09922134876251221,0.0,0.029776066541671753,0.0,1.0]",creative_synthesis,,,run_kv_mcts,Windows-10-10.0.19045-SP0,93ef5e3fc5fa32df34e4e20742f3e9e1fe57f8d08c25ab2d18aa4578901b20b6
5f9427bd-64ec1fc6,mcts_output_1776546841.json,TinyLlama/TinyLlama-1.1B-Chat-v1.0,99,5f9427bdd712124dbd7a8d7fdca257a835a8a962,true,2026-04-18T21:14:06.061147Z,2026-04-18T21:17:32.744024Z,scripts/run_kv_mcts.py --nodes 10 --depth 3 --branches 2 --seed 99,64ec1fc6-fa40-449f-9b7b-1d9c77ef3bfb,b4b509b3-ba44-487a-aa58-e547b747af39,3,0.1,11,1,0.204866,0.952822,0.0,0.388547,0.009077,"[0.0,0.0,0.0,0.0,0.0,0.0,0.0,0.0,0.0,0.0,0.0,0.0,0.0,0.0,0.0,0.0,0.0,0.0,0.0,0.0,0.0,0.0,0.0]","[0.5016270875930786,0.46913185715675354,0.4820101857185364,0.4952293634414673,0.49952322244644165,0.5020297169685364,0.5301113128662109,0.5347232222557068,0.5135525465011597,0.5043831467628479,0.4906601309776306,0.4575740098953247,0.4123048782348633,0.3184663653373718,0.32805073261260986,0.40252289175987244,0.24650275707244873,0.11919021606445312,0.09922134876251221,0.0,0.029776066541671753,0.0,1.0]",creative_synthesis,,,run_kv_mcts,Windows-10-10.0.19045-SP0,2b818f8989d63859485ac67ebde7031c9b20ef95a331061968e01c431fdb43a8
5f9427bd-e23510c6,mcts_output_1776546841.json,TinyLlama/TinyLlama-1.1B-Chat-v1.0,99,5f9427bdd712124dbd7a8d7fdca257a835a8a962,true,2026-04-18T21:14:06.061147Z,2026-04-18T21:17:32.744024Z,scripts/run_kv_mcts.py --nodes 10 --depth 3 --branches 2 --seed 99,e23510c6-c271-4f74-9471-e80d7732aa19,b4b509b3-ba44-487a-aa58-e547b747af39,3,0.5,11,1,0.204866,0.952822,0.0,0.388547,0.009077,"[0.0,0.0,0.0,0.0,0.0,0.0,0.0,0.0,0.0,0.0,0.0,0.0,0.0,0.0,0.0,0.0,0.0,0.0,0.0,0.0,0.0,0.0,0.0]","[0.5016270875930786,0.46913185715675354,0.4820101857185364,0.4952293634414673,0.49952322244644165,0.5020297169685364,0.5301113128662109,0.5347232222557068,0.5135525465011597,0.5043831467628479,0.4906601309776306,0.4575740098953247,0.4123048782348633,0.3184663653373718,0.32805073261260986,0.40252289175987244,0.24650275707244873,0.11919021606445312,0.09922134876251221,0.0,0.029776066541671753,0.0,1.0]",creative_synthesis,,,run_kv_mcts,Windows-10-10.0.19045-SP0,c2674eae455c91356fbf43e7b68e6316e7b9ab3ded10f6ffec8af9dbdc08dab5
5f9427bd-6da5ee8b,mcts_output_1776547266.json,TinyLlama/TinyLlama-1.1B-Chat-v1.0,42,5f9427bdd712124dbd7a8d7fdca257a835a8a962,true,2026-04-18T21:21:10.449576Z,2026-04-18T21:23:47.550672Z,scripts/run_kv_mcts.py --nodes 10 --depth 3 --auto-collect --dataset-dir ./dataset-test,6da5ee8b-ca26-4b36-8537-0dfc60e52419,,0,0.0,-1,10,0.206178,,,,,[],[],unknown,,,run_kv_mcts,Windows-10-10.0.19045-SP0,ffeed3e2c5d273a2961b367b0ccefd9578c771378a11dd1e7483ef3a30620d69
5f9427bd-b4938f93,mcts_output_1776547266.json,TinyLlama/TinyLlama-1.1B-Chat-v1.0,42,5f9427bdd712124dbd7a8d7fdca257a835a8a962,true,2026-04-18T21:21:10.449576Z,2026-04-18T21:23:47.550672Z,scripts/run_kv_mcts.py --nodes 10 --depth 3 --auto-collect --dataset-dir ./dataset-test,b4938f93-52fe-45d6-abe0-3b14f49fe4c3,6da5ee8b-ca26-4b36-8537-0dfc60e52419,1,0.1,11,4,0.206178,0.965016,0.0,0.384629,0.009134,"[0.0,0.0,0.0,0.0,0.0,0.0,0.0,0.0,0.0,0.0,0.0,0.0,0.0,0.0,0.0,0.0,0.0,0.0,0.0,0.0,0.0,0.0,0.0]","[0.5087729096412659,0.5750641822814941,0.5906510353088379,0.5797860622406006,0.541571319103241,0.5350416302680969,0.5627883672714233,0.6082766056060791,0.5917493104934692,0.5770168900489807,0.6029152870178223,0.48660585284233093,0.5258822441101074,0.42185136675834656,0.34059685468673706,0.4135560095310211,0.38433241844177246,0.0,0.0,0.0,0.0,0.0,0.0]",creative_synthesis,,,run_kv_mcts,Windows-10-10.0.19045-SP0,ddd5b1c4da9526609cd6343e364f622e226e8d23c4c638611306ae386d4a088a
5f9427bd-70e07d88,mcts_output_1776547266.json,TinyLlama/TinyLlama-1.1B-Chat-v1.0,42,5f9427bdd712124dbd7a8d7fdca257a835a8a962,true,2026-04-18T21:21:10.449576Z,2026-04-18T21:23:47.550672Z,scripts/run_kv_mcts.py --nodes 10 --depth 3 --auto-collect --dataset-dir ./dataset-test,70e07d88-f869-456f-b10e-28ae1f7e181b,6da5ee8b-ca26-4b36-8537-0dfc60e52419,1,0.5,11,4,0.206178,0.965016,0.0,0.384629,0.009134,"[0.0,0.0,0.0,0.0,0.0,0.0,0.0,0.0,0.0,0.0,0.0,0.0,0.0,0.0,0.0,0.0,0.0,0.0,0.0,0.0,0.0,0.0,0.0]","[0.5087729096412659,0.5750641822814941,0.5906510353088379,0.5797860622406006,0.541571319103241,0.5350416302680969,0.5627883672714233,0.6082766056060791,0.5917493104934692,0.5770168900489807,0.6029152870178223,0.48660585284233093,0.5258822441101074,0.42185136675834656,0.34059685468673706,0.4135560095310211,0.38433241844177246,0.0,0.0,0.0,0.0,0.0,0.0]",creative_synthesis,,,run_kv_mcts,Windows-10-10.0.19045-SP0,94644c0ed7fbc1cf97369a8750edd42493e911d032575bfa3f6d94672e7e2fa5
5f9427bd-05b4803c,mcts_output_1776547266.json,TinyLlama/TinyLlama-1.1B-Chat-v1.0,42,5f9427bdd712124dbd7a8d7fdca257a835a8a962,true,2026-04-18T21:21:10.449576Z,2026-04-18T21:23:47.550672Z,scripts/run_kv_mcts.py --nodes 10 --depth 3 --auto-collect --dataset-dir ./dataset-test,05b4803c-304e-44ff-9e2c-8d8dd43e0355,6da5ee8b-ca26-4b36-8537-0dfc60e52419,1,1.0,11,2,0.206178,0.965016,0.0,0.384629,0.009134,"[0.0,0.0,0.0,0.0,0.0,0.0,0.0,0.0,0.0,0.0,0.0,0.0,0.0,0.0,0.0,0.0,0.0,0.0,0.0,0.0,0.0,0.0,0.0]","[0.5087729096412659,0.5750641822814941,0.5906510353088379,0.5797860622406006,0.541571319103241,0.5350416302680969,0.5627883672714233,0.6082766056060791,0.5917493104934692,0.5770168900489807,0.6029152870178223,0.48660585284233093,0.5258822441101074,0.42185136675834656,0.34059685468673706,0.4135560095310211,0.38433241844177246,0.0,0.0,0.0,0.0,0.0,0.0]",creative_synthesis,,,run_kv_mcts,Windows-10-10.0.19045-SP0,b804f063b8447888d8946e1295d154ce99e9002ff3e7dac77e821ac8df09c3c4
5f9427bd-823675a0,mcts_output_1776547266.json,TinyLlama/TinyLlama-1.1B-Chat-v1.0,42,5f9427bdd712124dbd7a8d7fdca257a835a8a962,true,2026-04-18T21:21:10.449576Z,2026-04-18T21:23:47.550672Z,scripts/run_kv_mcts.py --nodes 10 --depth 3 --auto-collect --dataset-dir ./dataset-test,823675a0-7b74-4fc3-ad71-72961aee8fae,b4938f93-52fe-45d6-abe0-3b14f49fe4c3,2,0.1,11,1,0.206178,0.965016,0.0,0.384629,0.009134,"[0.0,0.0,0.0,0.0,0.0,0.0,0.0,0.0,0.0,0.0,0.0,0.0,0.0,0.0,0.0,0.0,0.0,0.0,0.0,0.0,0.0,0.0,0.0]","[0.5087729096412659,0.5750641822814941,0.5906510353088379,0.5797860622406006,0.541571319103241,0.5350416302680969,0.5627883672714233,0.6082766056060791,0.5917493104934692,0.5770168900489807,0.6029152870178223,0.48660585284233093,0.5258822441101074,0.42185136675834656,0.34059685468673706,0.4135560095310211,0.38433241844177246,0.0,0.0,0.0,0.0,0.0,0.0]",creative_synthesis,,,run_kv_mcts,Windows-10-10.0.19045-SP0,cf348189d6cb9e55c5573e9559ddc9a7b7d5a29a8fb0b219db209dbffbecc1b9
5f9427bd-48bc3482,mcts_output_1776547266.json,TinyLlama/TinyLlama-1.1B-Chat-v1.0,42,5f9427bdd712124dbd7a8d7fdca257a835a8a962,true,2026-04-18T21:21:10.449576Z,2026-04-18T21:23:47.550672Z,scripts/run_kv_mcts.py --nodes 10 --depth 3 --auto-collect --dataset-dir ./dataset-test,48bc3482-f6dc-4dfe-b111-ad7aa2a3986a,b4938f93-52fe-45d6-abe0-3b14f49fe4c3,2,0.5,11,1,0.206178,0.965016,0.0,0.384629,0.009134,"[0.0,0.0,0.0,0.0,0.0,0.0,0.0,0.0,0.0,0.0,0.0,0.0,0.0,0.0,0.0,0.0,0.0,0.0,0.0,0.0,0.0,0.0,0.0]","[0.5087729096412659,0.5750641822814941,0.5906510353088379,0.5797860622406006,0.541571319103241,0.5350416302680969,0.5627883672714233,0.6082766056060791,0.5917493104934692,0.5770168900489807,0.6029152870178223,0.48660585284233093,0.5258822441101074,0.42185136675834656,0.34059685468673706,0.4135560095310211,0.38433241844177246,0.0,0.0,0.0,0.0,0.0,0.0]",creative_synthesis,,,run_kv_mcts,Windows-10-10.0.19045-SP0,d81f557edc4a4d5fa9c5a5c3101f148ac0510311fbda8a38e940125c42bf132a
5f9427bd-4bbcc8e8,mcts_output_1776547266.json,TinyLlama/TinyLlama-1.1B-Chat-v1.0,42,5f9427bdd712124dbd7a8d7fdca257a835a8a962,true,2026-04-18T21:21:10.449576Z,2026-04-18T21:23:47.550672Z,scripts/run_kv_mcts.py --nodes 10 --depth 3 --auto-collect --dataset-dir ./dataset-test,4bbcc8e8-9ebf-4e46-a844-c6ad7a5fbf2d,b4938f93-52fe-45d6-abe0-3b14f49fe4c3,2,1.0,11,1,0.206178,0.965016,0.0,0.384629,0.009134,"[0.0,0.0,0.0,0.0,0.0,0.0,0.0,0.0,0.0,0.0,0.0,0.0,0.0,0.0,0.0,0.0,0.0,0.0,0.0,0.0,0.0,0.0,0.0]","[0.5087729096412659,0.5750641822814941,0.5906510353088379,0.5797860622406006,0.541571319103241,0.5350416302680969,0.5627883672714233,0.6082766056060791,0.5917493104934692,0.5770168900489807,0.6029152870178223,0.48660585284233093,0.5258822441101074,0.42185136675834656,0.34059685468673706,0.4135560095310211,0.38433241844177246,0.0,0.0,0.0,0.0,0.0,0.0]",creative_synthesis,,,run_kv_mcts,Windows-10-10.0.19045-SP0,3611d4f78d56101e6c4fcc63db8caa0300e811441b5fc60998b97e17ff2eaed6
5f9427bd-882ba9cf,mcts_output_1776547266.json,TinyLlama/TinyLlama-1.1B-Chat-v1.0,42,5f9427bdd712124dbd7a8d7fdca257a835a8a962,true,2026-04-18T21:21:10.449576Z,2026-04-18T21:23:47.550672Z,scripts/run_kv_mcts.py --nodes 10 --depth 3 --auto-collect --dataset-dir ./dataset-test,882ba9cf-8244-4f4c-b68a-483f43154f99,70e07d88-f869-456f-b10e-28ae1f7e181b,2,0.1,11,1,0.206178,0.965016,0.0,0.384629,0.009134,"[0.0,0.0,0.0,0.0,0.0,0.0,0.0,0.0,0.0,0.0,0.0,0.0,0.0,0.0,0.0,0.0,0.0,0.0,0.0,0.0,0.0,0.0,0.0]","[0.5087729096412659,0.5750641822814941,0.5906510353088379,0.5797860622406006,0.541571319103241,0.5350416302680969,0.5627883672714233,0.6082766056060791,0.5917493104934692,0.5770168900489807,0.6029152870178223,0.48660585284233093,0.5258822441101074,0.42185136675834656,0.34059685468673706,0.4135560095310211,0.38433241844177246,0.0,0.0,0.0,0.0,0.0,0.0]",creative_synthesis,,,run_kv_mcts,Windows-10-10.0.19045-SP0,e12d2c0895c152a5ffaa86be8b278996ab192652d2a9fbfd8b689bc7c771ff99
5f9427bd-96374b28,mcts_output_1776547266.json,TinyLlama/TinyLlama-1.1B-Chat-v1.0,42,5f9427bdd712124dbd7a8d7fdca257a835a8a962,true,2026-04-18T21:21:10.449576Z,2026-04-18T21:23:47.550672Z,scripts/run_kv_mcts.py --nodes 10 --depth 3 --auto-collect --dataset-dir ./dataset-test,96374b28-b031-4f1e-9199-c3171e33b3c6,70e07d88-f869-456f-b10e-28ae1f7e181b,2,0.5,11,1,0.206178,0.965016,0.0,0.384629,0.009134,"[0.0,0.0,0.0,0.0,0.0,0.0,0.0,0.0,0.0,0.0,0.0,0.0,0.0,0.0,0.0,0.0,0.0,0.0,0.0,0.0,0.0,0.0,0.0]","[0.5087729096412659,0.5750641822814941,0.5906510353088379,0.5797860622406006,0.541571319103241,0.5350416302680969,0.5627883672714233,0.6082766056060791,0.5917493104934692,0.5770168900489807,0.6029152870178223,0.48660585284233093,0.5258822441101074,0.42185136675834656,0.34059685468673706,0.4135560095310211,0.38433241844177246,0.0,0.0,0.0,0.0,0.0,0.0]",creative_synthesis,,,run_kv_mcts,Windows-10-10.0.19045-SP0,ee833a1608b74438132d12041054bc85bf274ce4002f370ee950b3ad3deb75e0
5f9427bd-6c7bb12e,mcts_output_1776547266.json,TinyLlama/TinyLlama-1.1B-Chat-v1.0,42,5f9427bdd712124dbd7a8d7fdca257a835a8a962,true,2026-04-18T21:21:10.449576Z,2026-04-18T21:23:47.550672Z,scripts/run_kv_mcts.py --nodes 10 --depth 3 --auto-collect --dataset-dir ./dataset-test,6c7bb12e-17ee-40e7-9427-9872c6fce921,70e07d88-f869-456f-b10e-28ae1f7e181b,2,1.0,11,1,0.206178,0.965016,0.0,0.384629,0.009134,"[0.0,0.0,0.0,0.0,0.0,0.0,0.0,0.0,0.0,0.0,0.0,0.0,0.0,0.0,0.0,0.0,0.0,0.0,0.0,0.0,0.0,0.0,0.0]","[0.5087729096412659,0.5750641822814941,0.5906510353088379,0.5797860622406006,0.541571319103241,0.5350416302680969,0.5627883672714233,0.6082766056060791,0.5917493104934692,0.5770168900489807,0.6029152870178223,0.48660585284233093,0.5258822441101074,0.42185136675834656,0.34059685468673706,0.4135560095310211,0.38433241844177246,0.0,0.0,0.0,0.0,0.0,0.0]",creative_synthesis,,,run_kv_mcts,Windows-10-10.0.19045-SP0,d297ebe2e56c5a40f1442f2240f9e7ed25422281870a50eeee2c7d327fea1285
5f9427bd-a674d3f8,mcts_output_1776547266.json,TinyLlama/TinyLlama-1.1B-Chat-v1.0,42,5f9427bdd712124dbd7a8d7fdca257a835a8a962,true,2026-04-18T21:21:10.449576Z,2026-04-18T21:23:47.550672Z,scripts/run_kv_mcts.py --nodes 10 --depth 3 --auto-collect --dataset-dir ./dataset-test,a674d3f8-7d36-40c2-8fc3-237a8cd2d209,05b4803c-304e-44ff-9e2c-8d8dd43e0355,2,0.1,11,1,0.206178,0.965016,0.0,0.384629,0.009134,"[0.0,0.0,0.0,0.0,0.0,0.0,0.0,0.0,0.0,0.0,0.0,0.0,0.0,0.0,0.0,0.0,0.0,0.0,0.0,0.0,0.0,0.0,0.0]","[0.5087729096412659,0.5750641822814941,0.5906510353088379,0.5797860622406006,0.541571319103241,0.5350416302680969,0.5627883672714233,0.6082766056060791,0.5917493104934692,0.5770168900489807,0.6029152870178223,0.48660585284233093,0.5258822441101074,0.42185136675834656,0.34059685468673706,0.4135560095310211,0.38433241844177246,0.0,0.0,0.0,0.0,0.0,0.0]",creative_synthesis,,,run_kv_mcts,Windows-10-10.0.19045-SP0,ed1c9c4dd174520069f2ef3bb85ce3528cdacc4e890845ef8f554b9ec5abee95
5f9427bd-66076c9f,mcts_output_1776566965.json,TinyLlama/TinyLlama-1.1B-Chat-v1.0,42,5f9427bdd712124dbd7a8d7fdca257a835a8a962,true,2026-04-19T02:49:30.283340Z,2026-04-19T02:52:33.429272Z,scripts/run_kv_mcts.py --nodes 10 --depth 3 --auto-collect --dataset-dir ./docs/dataset,66076c9f-6512-4a77-9224-4e8842517854,,0,0.0,-1,10,0.206178,,,,,[],[],unknown,,,run_kv_mcts,Windows-10-10.0.19045-SP0,d92703b4ad732841b2304513f60a9dd259bd61a73dd60a2d4b460a11dd94b588
5f9427bd-8a0717b3,mcts_output_1776566965.json,TinyLlama/TinyLlama-1.1B-Chat-v1.0,42,5f9427bdd712124dbd7a8d7fdca257a835a8a962,true,2026-04-19T02:49:30.283340Z,2026-04-19T02:52:33.429272Z,scripts/run_kv_mcts.py --nodes 10 --depth 3 --auto-collect --dataset-dir ./docs/dataset,8a0717b3-bd8e-43eb-928d-4baa37b5156d,66076c9f-6512-4a77-9224-4e8842517854,1,0.1,11,4,0.206178,0.965016,0.0,0.384629,0.009134,"[0.0,0.0,0.0,0.0,0.0,0.0,0.0,0.0,0.0,0.0,0.0,0.0,0.0,0.0,0.0,0.0,0.0,0.0,0.0,0.0,0.0,0.0,0.0]","[0.5087729096412659,0.5750641822814941,0.5906510353088379,0.5797860622406006,0.541571319103241,0.5350416302680969,0.5627883672714233,0.6082766056060791,0.5917493104934692,0.5770168900489807,0.6029152870178223,0.48660585284233093,0.5258822441101074,0.42185136675834656,0.34059685468673706,0.4135560095310211,0.38433241844177246,0.0,0.0,0.0,0.0,0.0,0.0]",creative_synthesis,,,run_kv_mcts,Windows-10-10.0.19045-SP0,8cb778895fdf3d018134e2c470b9ca242f552245783e6b24d1a62bcd9ab0c222
5f9427bd-2b288065,mcts_output_1776566965.json,TinyLlama/TinyLlama-1.1B-Chat-v1.0,42,5f9427bdd712124dbd7a8d7fdca257a835a8a962,true,2026-04-19T02:49:30.283340Z,2026-04-19T02:52:33.429272Z,scripts/run_kv_mcts.py --nodes 10 --depth 3 --auto-collect --dataset-dir ./docs/dataset,2b288065-72fd-4c31-bc06-5b10343c1b14,66076c9f-6512-4a77-9224-4e8842517854,1,0.5,11,4,0.206178,0.965016,0.0,0.384629,0.009134,"[0.0,0.0,0.0,0.0,0.0,0.0,0.0,0.0,0.0,0.0,0.0,0.0,0.0,0.0,0.0,0.0,0.0,0.0,0.0,0.0,0.0,0.0,0.0]","[0.5087729096412659,0.5750641822814941,0.5906510353088379,0.5797860622406006,0.541571319103241,0.5350416302680969,0.5627883672714233,0.6082766056060791,0.5917493104934692,0.5770168900489807,0.6029152870178223,0.48660585284233093,0.5258822441101074,0.42185136675834656,0.34059685468673706,0.4135560095310211,0.38433241844177246,0.0,0.0,0.0,0.0,0.0,0.0]",creative_synthesis,,,run_kv_mcts,Windows-10-10.0.19045-SP0,8fb9b9b47f3710f6e5dbcc6e5089981ef207fd822b544fc1a69adb9623dffe31
5f9427bd-33c21531,mcts_output_1776566965.json,TinyLlama/TinyLlama-1.1B-Chat-v1.0,42,5f9427bdd712124dbd7a8d7fdca257a835a8a962,true,2026-04-19T02:49:30.283340Z,2026-04-19T02:52:33.429272Z,scripts/run_kv_mcts.py --nodes 10 --depth 3 --auto-collect --dataset-dir ./docs/dataset,33c21531-10f3-45c2-a768-eb33a7dfa94c,66076c9f-6512-4a77-9224-4e8842517854,1,1.0,11,2,0.206178,0.965016,0.0,0.384629,0.009134,"[0.0,0.0,0.0,0.0,0.0,0.0,0.0,0.0,0.0,0.0,0.0,0.0,0.0,0.0,0.0,0.0,0.0,0.0,0.0,0.0,0.0,0.0,0.0]","[0.5087729096412659,0.5750641822814941,0.5906510353088379,0.5797860622406006,0.541571319103241,0.5350416302680969,0.5627883672714233,0.6082766056060791,0.5917493104934692,0.5770168900489807,0.6029152870178223,0.48660585284233093,0.5258822441101074,0.42185136675834656,0.34059685468673706,0.4135560095310211,0.38433241844177246,0.0,0.0,0.0,0.0,0.0,0.0]",creative_synthesis,,,run_kv_mcts,Windows-10-10.0.19045-SP0,3751c575085e8904bc6036e082e657688eb4f86b172b0bc480a1de37c7f32233
5f9427bd-81ecde36,mcts_output_1776566965.json,TinyLlama/TinyLlama-1.1B-Chat-v1.0,42,5f9427bdd712124dbd7a8d7fdca257a835a8a962,true,2026-04-19T02:49:30.283340Z,2026-04-19T02:52:33.429272Z,scripts/run_kv_mcts.py --nodes 10 --depth 3 --auto-collect --dataset-dir ./docs/dataset,81ecde36-0d64-45d4-9c50-47adf3a11f29,8a0717b3-bd8e-43eb-928d-4baa37b5156d,2,0.1,11,1,0.206178,0.965016,0.0,0.384629,0.009134,"[0.0,0.0,0.0,0.0,0.0,0.0,0.0,0.0,0.0,0.0,0.0,0.0,0.0,0.0,0.0,0.0,0.0,0.0,0.0,0.0,0.0,0.0,0.0]","[0.5087729096412659,0.5750641822814941,0.5906510353088379,0.5797860622406006,0.541571319103241,0.5350416302680969,0.5627883672714233,0.6082766056060791,0.5917493104934692,0.5770168900489807,0.6029152870178223,0.48660585284233093,0.5258822441101074,0.42185136675834656,0.34059685468673706,0.4135560095310211,0.38433241844177246,0.0,0.0,0.0,0.0,0.0,0.0]",creative_synthesis,,,run_kv_mcts,Windows-10-10.0.19045-SP0,932ef4a3a1804b6ebb97f58669a774d671502ee012ec0136c2a2a1b694623791
5f9427bd-af0d860c,mcts_output_1776566965.json,TinyLlama/TinyLlama-1.1B-Chat-v1.0,42,5f9427bdd712124dbd7a8d7fdca257a835a8a962,true,2026-04-19T02:49:30.283340Z,2026-04-19T02:52:33.429272Z,scripts/run_kv_mcts.py --nodes 10 --depth 3 --auto-collect --dataset-dir ./docs/dataset,af0d860c-1aaa-4589-bde2-527f6b395f14,8a0717b3-bd8e-43eb-928d-4baa37b5156d,2,0.5,11,1,0.206178,0.965016,0.0,0.384629,0.009134,"[0.0,0.0,0.0,0.0,0.0,0.0,0.0,0.0,0.0,0.0,0.0,0.0,0.0,0.0,0.0,0.0,0.0,0.0,0.0,0.0,0.0,0.0,0.0]","[0.5087729096412659,0.5750641822814941,0.5906510353088379,0.5797860622406006,0.541571319103241,0.5350416302680969,0.5627883672714233,0.6082766056060791,0.5917493104934692,0.5770168900489807,0.6029152870178223,0.48660585284233093,0.5258822441101074,0.42185136675834656,0.34059685468673706,0.4135560095310211,0.38433241844177246,0.0,0.0,0.0,0.0,0.0,0.0]",creative_synthesis,,,run_kv_mcts,Windows-10-10.0.19045-SP0,100de0429c163a87b854ec3621f8c5cfb106ed5d4868d55cb387cbd5cdb8c8b3
5f9427bd-40612c52,mcts_output_1776566965.json,TinyLlama/TinyLlama-1.1B-Chat-v1.0,42,5f9427bdd712124dbd7a8d7fdca257a835a8a962,true,2026-04-19T02:49:30.283340Z,2026-04-19T02:52:33.429272Z,scripts/run_kv_mcts.py --nodes 10 --depth 3 --auto-collect --dataset-dir ./docs/dataset,40612c52-810a-4e1e-8bff-508e561f58f9,8a0717b3-bd8e-43eb-928d-4baa37b5156d,2,1.0,11,1,0.206178,0.965016,0.0,0.384629,0.009134,"[0.0,0.0,0.0,0.0,0.0,0.0,0.0,0.0,0.0,0.0,0.0,0.0,0.0,0.0,0.0,0.0,0.0,0.0,0.0,0.0,0.0,0.0,0.0]","[0.5087729096412659,0.5750641822814941,0.5906510353088379,0.5797860622406006,0.541571319103241,0.5350416302680969,0.5627883672714233,0.6082766056060791,0.5917493104934692,0.5770168900489807,0.6029152870178223,0.48660585284233093,0.5258822441101074,0.42185136675834656,0.34059685468673706,0.4135560095310211,0.38433241844177246,0.0,0.0,0.0,0.0,0.0,0.0]",creative_synthesis,,,run_kv_mcts,Windows-10-10.0.19045-SP0,74b10b9a86e2f3140111e18e2a4437110bb0dd80d4dd96fc3ffe1dc7e3c50959
5f9427bd-88f5d950,mcts_output_1776566965.json,TinyLlama/TinyLlama-1.1B-Chat-v1.0,42,5f9427bdd712124dbd7a8d7fdca257a835a8a962,true,2026-04-19T02:49:30.283340Z,2026-04-19T02:52:33.429272Z,scripts/run_kv_mcts.py --nodes 10 --depth 3 --auto-collect --dataset-dir ./docs/dataset,88f5d950-d951-408f-9073-9bd33e017891,2b288065-72fd-4c31-bc06-5b10343c1b14,2,0.1,11,1,0.206178,0.965016,0.0,0.384629,0.009134,"[0.0,0.0,0.0,0.0,0.0,0.0,0.0,0.0,0.0,0.0,0.0,0.0,0.0,0.0,0.0,0.0,0.0,0.0,0.0,0.0,0.0,0.0,0.0]","[0.5087729096412659,0.5750641822814941,0.5906510353088379,0.5797860622406006,0.541571319103241,0.5350416302680969,0.5627883672714233,0.6082766056060791,0.5917493104934692,0.5770168900489807,0.6029152870178223,0.48660585284233093,0.5258822441101074,0.42185136675834656,0.34059685468673706,0.4135560095310211,0.38433241844177246,0.0,0.0,0.0,0.0,0.0,0.0]",creative_synthesis,,,run_kv_mcts,Windows-10-10.0.19045-SP0,fe25928c668dcaf91b21d27b7b3dfc2026c367cd06822b5e3d40eb441c4db6ff
5f9427bd-24f4befa,mcts_output_1776566965.json,TinyLlama/TinyLlama-1.1B-Chat-v1.0,42,5f9427bdd712124dbd7a8d7fdca257a835a8a962,true,2026-04-19T02:49:30.283340Z,2026-04-19T02:52:33.429272Z,scripts/run_kv_mcts.py --nodes 10 --depth 3 --auto-collect --dataset-dir ./docs/dataset,24f4befa-29ed-45e8-b5d8-221f842bdb80,2b288065-72fd-4c31-bc06-5b10343c1b14,2,0.5,11,1,0.206178,0.965016,0.0,0.384629,0.009134,"[0.0,0.0,0.0,0.0,0.0,0.0,0.0,0.0,0.0,0.0,0.0,0.0,0.0,0.0,0.0,0.0,0.0,0.0,0.0,0.0,0.0,0.0,0.0]","[0.5087729096412659,0.5750641822814941,0.5906510353088379,0.5797860622406006,0.541571319103241,0.5350416302680969,0.5627883672714233,0.6082766056060791,0.5917493104934692,0.5770168900489807,0.6029152870178223,0.48660585284233093,0.5258822441101074,0.42185136675834656,0.34059685468673706,0.4135560095310211,0.38433241844177246,0.0,0.0,0.0,0.0,0.0,0.0]",creative_synthesis,,,run_kv_mcts,Windows-10-10.0.19045-SP0,8f567fd487cb3a9ad5e76dd4520c2ef6453224caabf414a38f7e13500d5f59af
5f9427bd-e26841b5,mcts_output_1776566965.json,TinyLlama/TinyLlama-1.1B-Chat-v1.0,42,5f9427bdd712124dbd7a8d7fdca257a835a8a962,true,2026-04-19T02:49:30.283340Z,2026-04-19T02:52:33.429272Z,scripts/run_kv_mcts.py --nodes 10 --depth 3 --auto-collect --dataset-dir ./docs/dataset,e26841b5-61bd-4902-91d0-b4b8d50e3f03,2b288065-72fd-4c31-bc06-5b10343c1b14,2,1.0,11,1,0.206178,0.965016,0.0,0.384629,0.009134,"[0.0,0.0,0.0,0.0,0.0,0.0,0.0,0.0,0.0,0.0,0.0,0.0,0.0,0.0,0.0,0.0,0.0,0.0,0.0,0.0,0.0,0.0,0.0]","[0.5087729096412659,0.5750641822814941,0.5906510353088379,0.5797860622406006,0.541571319103241,0.5350416302680969,0.5627883672714233,0.6082766056060791,0.5917493104934692,0.5770168900489807,0.6029152870178223,0.48660585284233093,0.5258822441101074,0.42185136675834656,0.34059685468673706,0.4135560095310211,0.38433241844177246,0.0,0.0,0.0,0.0,0.0,0.0]",creative_synthesis,,,run_kv_mcts,Windows-10-10.0.19045-SP0,4c99069944f57d98b77039f16641176d91c2968015f9ebba1b1be9637a033115
5f9427bd-ca378a42,mcts_output_1776566965.json,TinyLlama/TinyLlama-1.1B-Chat-v1.0,42,5f9427bdd712124dbd7a8d7fdca257a835a8a962,true,2026-04-19T02:49:30.283340Z,2026-04-19T02:52:33.429272Z,scripts/run_kv_mcts.py --nodes 10 --depth 3 --auto-collect --dataset-dir ./docs/dataset,ca378a42-f7e0-497e-bdb5-7129a0be0fae,33c21531-10f3-45c2-a768-eb33a7dfa94c,2,0.1,11,1,0.206178,0.965016,0.0,0.384629,0.009134,"[0.0,0.0,0.0,0.0,0.0,0.0,0.0,0.0,0.0,0.0,0.0,0.0,0.0,0.0,0.0,0.0,0.0,0.0,0.0,0.0,0.0,0.0,0.0]","[0.5087729096412659,0.5750641822814941,0.5906510353088379,0.5797860622406006,0.541571319103241,0.5350416302680969,0.5627883672714233,0.6082766056060791,0.5917493104934692,0.5770168900489807,0.6029152870178223,0.48660585284233093,0.5258822441101074,0.42185136675834656,0.34059685468673706,0.4135560095310211,0.38433241844177246,0.0,0.0,0.0,0.0,0.0,0.0]",creative_synthesis,,,run_kv_mcts,Windows-10-10.0.19045-SP0,3ae6a3307e709639092f22a2323d5778b0f27939e774d3358949b861d7dd6c1b
5f9427bd-1381f3b7,mcts_output_1776567696.json,TinyLlama/TinyLlama-1.1B-Chat-v1.0,42,5f9427bdd712124dbd7a8d7fdca257a835a8a962,true,2026-04-19T03:01:41.860665Z,2026-04-19T03:04:49.489544Z,scripts/run_kv_mcts.py --nodes 10 --depth 3 --auto-collect --dataset-dir ./docs/dataset,1381f3b7-c586-46bb-8a7d-a3c4966fe69a,,0,0.0,-1,10,0.206178,,,,,[],[],unknown,,,run_kv_mcts,Windows-10-10.0.19045-SP0,e78a5b08a0cb8a5c39bc969aef54f674a43c3e83e2d8e7874b9fb9f401730373
5f9427bd-cc2b7087,mcts_output_1776567696.json,TinyLlama/TinyLlama-1.1B-Chat-v1.0,42,5f9427bdd712124dbd7a8d7fdca257a835a8a962,true,2026-04-19T03:01:41.860665Z,2026-04-19T03:04:49.489544Z,scripts/run_kv_mcts.py --nodes 10 --depth 3 --auto-collect --dataset-dir ./docs/dataset,cc2b7087-b60d-4dd4-91dd-37f189ae0be5,1381f3b7-c586-46bb-8a7d-a3c4966fe69a,1,0.1,11,4,0.206178,0.965016,0.0,0.384629,0.009134,"[0.0,0.0,0.0,0.0,0.0,0.0,0.0,0.0,0.0,0.0,0.0,0.0,0.0,0.0,0.0,0.0,0.0,0.0,0.0,0.0,0.0,0.0,0.0]","[0.5087729096412659,0.5750641822814941,0.5906510353088379,0.5797860622406006,0.541571319103241,0.5350416302680969,0.5627883672714233,0.6082766056060791,0.5917493104934692,0.5770168900489807,0.6029152870178223,0.48660585284233093,0.5258822441101074,0.42185136675834656,0.34059685468673706,0.4135560095310211,0.38433241844177246,0.0,0.0,0.0,0.0,0.0,0.0]",creative_synthesis,,,run_kv_mcts,Windows-10-10.0.19045-SP0,84265a6bd37bb1f8689eb583c31a1dcc1b03617f4d79eb191a7f1c3eab2221c5
5f9427bd-647822b6,mcts_output_1776567696.json,TinyLlama/TinyLlama-1.1B-Chat-v1.0,42,5f9427bdd712124dbd7a8d7fdca257a835a8a962,true,2026-04-19T03:01:41.860665Z,2026-04-19T03:04:49.489544Z,scripts/run_kv_mcts.py --nodes 10 --depth 3 --auto-collect --dataset-dir ./docs/dataset,647822b6-128b-477d-887e-29b328818d5f,1381f3b7-c586-46bb-8a7d-a3c4966fe69a,1,0.5,11,4,0.206178,0.965016,0.0,0.384629,0.009134,"[0.0,0.0,0.0,0.0,0.0,0.0,0.0,0.0,0.0,0.0,0.0,0.0,0.0,0.0,0.0,0.0,0.0,0.0,0.0,0.0,0.0,0.0,0.0]","[0.5087729096412659,0.5750641822814941,0.5906510353088379,0.5797860622406006,0.541571319103241,0.5350416302680969,0.5627883672714233,0.6082766056060791,0.5917493104934692,0.5770168900489807,0.6029152870178223,0.48660585284233093,0.5258822441101074,0.42185136675834656,0.34059685468673706,0.4135560095310211,0.38433241844177246,0.0,0.0,0.0,0.0,0.0,0.0]",creative_synthesis,,,run_kv_mcts,Windows-10-10.0.19045-SP0,c72ee6cc2a0923a3741e1a00297e2a0c5a56fcd57aa5f8f189395f2d3a2823c7
5f9427bd-c3ad4f79,mcts_output_1776567696.json,TinyLlama/TinyLlama-1.1B-Chat-v1.0,42,5f9427bdd712124dbd7a8d7fdca257a835a8a962,true,2026-04-19T03:01:41.860665Z,2026-04-19T03:04:49.489544Z,scripts/run_kv_mcts.py --nodes 10 --depth 3 --auto-collect --dataset-dir ./docs/dataset,c3ad4f79-0cf6-43db-bb4a-7c33ae588a17,1381f3b7-c586-46bb-8a7d-a3c4966fe69a,1,1.0,11,2,0.206178,0.965016,0.0,0.384629,0.009134,"[0.0,0.0,0.0,0.0,0.0,0.0,0.0,0.0,0.0,0.0,0.0,0.0,0.0,0.0,0.0,0.0,0.0,0.0,0.0,0.0,0.0,0.0,0.0]","[0.5087729096412659,0.5750641822814941,0.5906510353088379,0.5797860622406006,0.541571319103241,0.5350416302680969,0.5627883672714233,0.6082766056060791,0.5917493104934692,0.5770168900489807,0.6029152870178223,0.48660585284233093,0.5258822441101074,0.42185136675834656,0.34059685468673706,0.4135560095310211,0.38433241844177246,0.0,0.0,0.0,0.0,0.0,0.0]",creative_synthesis,,,run_kv_mcts,Windows-10-10.0.19045-SP0,de88e793b6a4f0f6b17b5a3037df87f8d3b15da3ba3a5b3b59e104e2784b3467
5f9427bd-94936704,mcts_output_1776567696.json,TinyLlama/TinyLlama-1.1B-Chat-v1.0,42,5f9427bdd712124dbd7a8d7fdca257a835a8a962,true,2026-04-19T03:01:41.860665Z,2026-04-19T03:04:49.489544Z,scripts/run_kv_mcts.py --nodes 10 --depth 3 --auto-collect --dataset-dir ./docs/dataset,94936704-e90a-4c11-a06c-4d6a585afc90,cc2b7087-b60d-4dd4-91dd-37f189ae0be5,2,0.1,11,1,0.206178,0.965016,0.0,0.384629,0.009134,"[0.0,0.0,0.0,0.0,0.0,0.0,0.0,0.0,0.0,0.0,0.0,0.0,0.0,0.0,0.0,0.0,0.0,0.0,0.0,0.0,0.0,0.0,0.0]","[0.5087729096412659,0.5750641822814941,0.5906510353088379,0.5797860622406006,0.541571319103241,0.5350416302680969,0.5627883672714233,0.6082766056060791,0.5917493104934692,0.5770168900489807,0.6029152870178223,0.48660585284233093,0.5258822441101074,0.42185136675834656,0.34059685468673706,0.4135560095310211,0.38433241844177246,0.0,0.0,0.0,0.0,0.0,0.0]",creative_synthesis,,,run_kv_mcts,Windows-10-10.0.19045-SP0,838ea2592be8dd5c5cc58526e2731da14675cbb8c95f696e63922bfd0cf5f949
5f9427bd-7ce4deaf,mcts_output_1776567696.json,TinyLlama/TinyLlama-1.1B-Chat-v1.0,42,5f9427bdd712124dbd7a8d7fdca257a835a8a962,true,2026-04-19T03:01:41.860665Z,2026-04-19T03:04:49.489544Z,scripts/run_kv_mcts.py --nodes 10 --depth 3 --auto-collect --dataset-dir ./docs/dataset,7ce4deaf-6b09-41c9-bd29-ebe5f292a288,cc2b7087-b60d-4dd4-91dd-37f189ae0be5,2,0.5,11,1,0.206178,0.965016,0.0,0.384629,0.009134,"[0.0,0.0,0.0,0.0,0.0,0.0,0.0,0.0,0.0,0.0,0.0,0.0,0.0,0.0,0.0,0.0,0.0,0.0,0.0,0.0,0.0,0.0,0.0]","[0.5087729096412659,0.5750641822814941,0.5906510353088379,0.5797860622406006,0.541571319103241,0.5350416302680969,0.5627883672714233,0.6082766056060791,0.5917493104934692,0.5770168900489807,0.6029152870178223,0.48660585284233093,0.5258822441101074,0.42185136675834656,0.34059685468673706,0.4135560095310211,0.38433241844177246,0.0,0.0,0.0,0.0,0.0,0.0]",creative_synthesis,,,run_kv_mcts,Windows-10-10.0.19045-SP0,6c77b8e6cfbe4742a73342505c515024a6a0f327fa2a57dcca67a55a7b3937dc
5f9427bd-4e63d0c0,mcts_output_1776567696.json,TinyLlama/TinyLlama-1.1B-Chat-v1.0,42,5f9427bdd712124dbd7a8d7fdca257a835a8a962,true,2026-04-19T03:01:41.860665Z,2026-04-19T03:04:49.489544Z,scripts/run_kv_mcts.py --nodes 10 --depth 3 --auto-collect --dataset-dir ./docs/dataset,4e63d0c0-a30f-4689-af2f-1ce566f4bad6,cc2b7087-b60d-4dd4-91dd-37f189ae0be5,2,1.0,11,1,0.206178,0.965016,0.0,0.384629,0.009134,"[0.0,0.0,0.0,0.0,0.0,0.0,0.0,0.0,0.0,0.0,0.0,0.0,0.0,0.0,0.0,0.0,0.0,0.0,0.0,0.0,0.0,0.0,0.0]","[0.5087729096412659,0.5750641822814941,0.5906510353088379,0.5797860622406006,0.541571319103241,0.5350416302680969,0.5627883672714233,0.6082766056060791,0.5917493104934692,0.5770168900489807,0.6029152870178223,0.48660585284233093,0.5258822441101074,0.42185136675834656,0.34059685468673706,0.4135560095310211,0.38433241844177246,0.0,0.0,0.0,0.0,0.0,0.0]",creative_synthesis,,,run_kv_mcts,Windows-10-10.0.19045-SP0,c035bfe10ae9997f72f147b27935492a6e8acdbe6c2e14e6bd88f139cc403ed9
5f9427bd-65b42552,mcts_output_1776567696.json,TinyLlama/TinyLlama-1.1B-Chat-v1.0,42,5f9427bdd712124dbd7a8d7fdca257a835a8a962,true,2026-04-19T03:01:41.860665Z,2026-04-19T03:04:49.489544Z,scripts/run_kv_mcts.py --nodes 10 --depth 3 --auto-collect --dataset-dir ./docs/dataset,65b42552-b2d1-498f-8fb2-e2938bcdc7ce,647822b6-128b-477d-887e-29b328818d5f,2,0.1,11,1,0.206178,0.965016,0.0,0.384629,0.009134,"[0.0,0.0,0.0,0.0,0.0,0.0,0.0,0.0,0.0,0.0,0.0,0.0,0.0,0.0,0.0,0.0,0.0,0.0,0.0,0.0,0.0,0.0,0.0]","[0.5087729096412659,0.5750641822814941,0.5906510353088379,0.5797860622406006,0.541571319103241,0.5350416302680969,0.5627883672714233,0.6082766056060791,0.5917493104934692,0.5770168900489807,0.6029152870178223,0.48660585284233093,0.5258822441101074,0.42185136675834656,0.34059685468673706,0.4135560095310211,0.38433241844177246,0.0,0.0,0.0,0.0,0.0,0.0]",creative_synthesis,,,run_kv_mcts,Windows-10-10.0.19045-SP0,ec8252bdc38de7f184cd4f6255139df3d960db6768feed028db102c57d65375e
5f9427bd-7ae2ce3b,mcts_output_1776567696.json,TinyLlama/TinyLlama-1.1B-Chat-v1.0,42,5f9427bdd712124dbd7a8d7fdca257a835a8a962,true,2026-04-19T03:01:41.860665Z,2026-04-19T03:04:49.489544Z,scripts/run_kv_mcts.py --nodes 10 --depth 3 --auto-collect --dataset-dir ./docs/dataset,7ae2ce3b-85fc-458f-b833-2a9aaaae1bbd,647822b6-128b-477d-887e-29b328818d5f,2,0.5,11,1,0.206178,0.965016,0.0,0.384629,0.009134,"[0.0,0.0,0.0,0.0,0.0,0.0,0.0,0.0,0.0,0.0,0.0,0.0,0.0,0.0,0.0,0.0,0.0,0.0,0.0,0.0,0.0,0.0,0.0]","[0.5087729096412659,0.5750641822814941,0.5906510353088379,0.5797860622406006,0.541571319103241,0.5350416302680969,0.5627883672714233,0.6082766056060791,0.5917493104934692,0.5770168900489807,0.6029152870178223,0.48660585284233093,0.5258822441101074,0.42185136675834656,0.34059685468673706,0.4135560095310211,0.38433241844177246,0.0,0.0,0.0,0.0,0.0,0.0]",creative_synthesis,,,run_kv_mcts,Windows-10-10.0.19045-SP0,b40adc9c3b6d72beb485ba308c5c3d773982036fde85624ae842e33da5a43db6
5f9427bd-f494b413,mcts_output_1776567696.json,TinyLlama/TinyLlama-1.1B-Chat-v1.0,42,5f9427bdd712124dbd7a8d7fdca257a835a8a962,true,2026-04-19T03:01:41.860665Z,2026-04-19T03:04:49.489544Z,scripts/run_kv_mcts.py --nodes 10 --depth 3 --auto-collect --dataset-dir ./docs/dataset,f494b413-dd89-42fb-93b3-ce7294ddd91e,647822b6-128b-477d-887e-29b328818d5f,2,1.0,11,1,0.206178,0.965016,0.0,0.384629,0.009134,"[0.0,0.0,0.0,0.0,0.0,0.0,0.0,0.0,0.0,0.0,0.0,0.0,0.0,0.0,0.0,0.0,0.0,0.0,0.0,0.0,0.0,0.0,0.0]","[0.5087729096412659,0.5750641822814941,0.5906510353088379,0.5797860622406006,0.541571319103241,0.5350416302680969,0.5627883672714233,0.6082766056060791,0.5917493104934692,0.5770168900489807,0.6029152870178223,0.48660585284233093,0.5258822441101074,0.42185136675834656,0.34059685468673706,0.4135560095310211,0.38433241844177246,0.0,0.0,0.0,0.0,0.0,0.0]",creative_synthesis,,,run_kv_mcts,Windows-10-10.0.19045-SP0,6363416867127ca05b170aea86f2404767b539a29c0120cc1f100bfa648d8bc2
5f9427bd-2f48f161,mcts_output_1776567696.json,TinyLlama/TinyLlama-1.1B-Chat-v1.0,42,5f9427bdd712124dbd7a8d7fdca257a835a8a962,true,2026-04-19T03:01:41.860665Z,2026-04-19T03:04:49.489544Z,scripts/run_kv_mcts.py --nodes 10 --depth 3 --auto-collect --dataset-dir ./docs/dataset,2f48f161-c56e-4713-9873-daa0b8ccdf05,c3ad4f79-0cf6-43db-bb4a-7c33ae588a17,2,0.1,11,1,0.206178,0.965016,0.0,0.384629,0.009134,"[0.0,0.0,0.0,0.0,0.0,0.0,0.0,0.0,0.0,0.0,0.0,0.0,0.0,0.0,0.0,0.0,0.0,0.0,0.0,0.0,0.0,0.0,0.0]","[0.5087729096412659,0.5750641822814941,0.5906510353088379,0.5797860622406006,0.541571319103241,0.5350416302680969,0.5627883672714233,0.6082766056060791,0.5917493104934692,0.5770168900489807,0.6029152870178223,0.48660585284233093,0.5258822441101074,0.42185136675834656,0.34059685468673706,0.4135560095310211,0.38433241844177246,0.0,0.0,0.0,0.0,0.0,0.0]",creative_synthesis,,,run_kv_mcts,Windows-10-10.0.19045-SP0,b7e1591ae12faa891f666618346ce399c79ed36fe83e5b3f9aabf493c7d7f4b3
